Country Name;Country Code;Indicator Name;Indicator Code;2000;2001;2002;2003;2004;2005;2006;2007;2008;2009;2010;2011;2012;2013;2014;2015;2016;2017;2018;2019;2020;2021;2022
Aruba;ABW;Government expenditure on education, total (% of GDP);SE.XPD.TOTL.GD.ZS;4,715360165;4,798500061;4,871779919;;4,357140064;4,623690128;;4,702529907;4,827320099;5,797770023;6,750989914;5,914380074;6,34758997;6,442770004;5,850840092;5,887829781;5,49105978;;;;;;
Africa Eastern and Southern;AFE;Government expenditure on education, total (% of GDP);SE.XPD.TOTL.GD.ZS;3,606129885;4,341670036;;;3,74496007;4,00578022;3,871469975;;4,28008008;;4,496590137;4,639065027;5,227220058;4,690069914;4,717299938;4,750985146;4,882070065;4,820445061;4,739749908;4,511475086;4,35243988;4,674409866;4,244120121
Afghanistan;AFG;Government expenditure on education, total (% of GDP);SE.XPD.TOTL.GD.ZS;;;;;;;4,684760571;4,174895287;4,383672237;4,810639858;3,479449987;3,462009907;2,604199886;3,454459906;3,695219994;3,255800009;4,543970108;4,343190193;;;;;
Africa Western and Central;AFW;Government expenditure on education, total (% of GDP);SE.XPD.TOTL.GD.ZS;2,565020084;2,42614007;2,580104947;2,447590113;2,427605033;2,656599998;2,558520079;2,737470031;2,498270035;2,907900095;3,014410019;2,772005081;2,881599903;3,029710054;2,914229989;3,195490003;2,783550024;3,535589933;3,072000027;3,100000024;3,403999925;3,282880068;2,928499937
Angola;AGO;Government expenditure on education, total (% of GDP);SE.XPD.TOTL.GD.ZS;2,607530117;;;;;2,120110035;2,281460047;;;2,920000076;3,421319962;3,24000001;3,082000017;3,869999886;2,930000067;3,099999905;2,755000114;2,467000008;2,045000076;2,072999954;2,744999886;2,296999931;2,332000017
Albania;ALB;Government expenditure on education, total (% of GDP);SE.XPD.TOTL.GD.ZS;3,430170059;3,458699942;3,117799997;3,138230085;3,227519989;3,281549931;3,191459894;3,275929928;3,509226084;;3,41307497;3,240008354;3,30906105;3,539299965;3,216967106;3,437969923;3,962090015;3,611720085;3,152944803;3,916239977;3,342299938;3,022559881;2,749310017
Andorra;AND;Government expenditure on education, total (% of GDP);SE.XPD.TOTL.GD.ZS;;;1,65971005;;1,544119954;1,644970059;2,244899988;2,104690075;2,873929977;3,142920017;2,976629972;2,98706007;2,565999985;2,506160021;3,074209929;3,28034997;3,237070084;3,217089891;3,246720076;3,15060997;2,855999947;2,584000111;2,666229963
Arab World;ARB;Government expenditure on education, total (% of GDP);SE.XPD.TOTL.GD.ZS;;;;;4,6707201;;3,930559993;;4,33701992;;;;4,124774933;;;;;;;;;;
United Arab Emirates;ARE;Government expenditure on education, total (% of GDP);SE.XPD.TOTL.GD.ZS;;;;;;;;;;;;;;;;;;;;3,860209942;3,984179974;3,895499945;
Argentina;ARG;Government expenditure on education, total (% of GDP);SE.XPD.TOTL.GD.ZS;4,580309868;4,833740234;4,017340183;3,535049915;3,486520052;3,860009909;4,128210068;4,462600231;4,844409943;5,531050205;5,019710064;5,290629864;5,345829964;5,436610222;5,361440182;5,776110172;5,545489788;5,454319954;4,877739906;4,777599812;5,279640198;4,647600174;
Armenia;ARM;Government expenditure on education, total (% of GDP);SE.XPD.TOTL.GD.ZS;2,772730112;2,469439983;2,135040045;2,145040035;2,486730099;2,712029934;2,715770006;3,018939972;3,172729969;3,840790033;3,249000072;3,143850088;2,772480011;2,650180101;2,247240067;2,80591011;2,75812006;2,707590103;2,255867958;2,571912289;2,705559969;2,771339893;2,49326992
American Samoa;ASM;Government expenditure on education, total (% of GDP);SE.XPD.TOTL.GD.ZS;;;;;;;14,7170496;;;;;;;;;;;;;;;;
Antigua and Barbuda;ATG;Government expenditure on education, total (% of GDP);SE.XPD.TOTL.GD.ZS;;;3,395250082;;;;;;;2,508889914;;;2,355999947;2,647000074;2,542000055;2,651000023;2,904000044;2,871000051;2,773000002;3,457000017;2,993000031;2,575000048;3,648000002
Australia;AUS;Government expenditure on education, total (% of GDP);SE.XPD.TOTL.GD.ZS;4,884079933;;;;;4,89673996;4,738430023;4,653649807;4,630519867;5,081319809;5,538119793;5,06814003;4,866670132;5,229090214;5,164549828;5,31551981;5,28689003;5,138229847;5,124310017;5,134290218;5,608449936;5,730000019;5,206776619
Austria;AUT;Government expenditure on education, total (% of GDP);SE.XPD.TOTL.GD.ZS;5,588809967;5,575479984;5,522130013;5,361830235;5,302430153;5,249370098;5,226520061;5,146900177;5,263959885;5,730249882;5,700479984;5,592269897;5,480400085;5,547110081;5,447619915;5,456580162;5,47961998;5,371590137;5,226550102;5,21750021;5,569009781;4,960000038;4,774471283
Azerbaijan;AZE;Government expenditure on education, total (% of GDP);SE.XPD.TOTL.GD.ZS;3,853990078;3,503420115;3,154459953;3,286149979;3,447700024;2,974620104;2,555520058;2,549279928;2,44092989;3,224309921;2,780620098;2,435640097;2,067630053;2,442130089;2,633039951;2,951679945;2,903409958;2,473819971;2,455430031;3,176460028;4,332049847;3,702080011;2,904000044
Burundi;BDI;Government expenditure on education, total (% of GDP);SE.XPD.TOTL.GD.ZS;2,645479918;2,903909922;3,004930019;;3,74496007;3,632159948;;;5,192900181;6,171949863;6,775249958;6,319250107;6,167779922;5,995399952;6,784520149;6,371339798;4,691999912;4,762020111;5,078649998;5,347000122;5,322000027;4,870999813;4,821000099
Belgium;BEL;Government expenditure on education, total (% of GDP);SE.XPD.TOTL.GD.ZS;;;;;;5,795859814;5,62658596;5,519999981;6,332940102;6,458099842;6,442590237;6,431990147;6,260000229;6,630529881;6,590469837;6,451570034;6,461730003;6,425340176;6,381070137;6,33397007;6,812329769;6,210000038;
Benin;BEN;Government expenditure on education, total (% of GDP);SE.XPD.TOTL.GD.ZS;2,113660097;2,365099907;2,159490108;2,283159971;2,566900015;2,656680107;2,56340003;2,363310099;2,777280092;3,089270115;3,679970026;4,400000095;3,562020063;3,327510118;3,161789894;3,17298007;2,899100065;3,535589933;2,931619883;3,003000021;2,938999891;3,193000078;3,210999966
Burkina Faso;BFA;Government expenditure on education, total (% of GDP);SE.XPD.TOTL.GD.ZS;;;;;;3,941139936;3,982189894;4,07983017;;;3,502229929;3,985150099;3,603159904;4,083439827;4,053299904;3,67008996;;5,628469944;5,488609791;5,407000065;5,151000023;5,223999977;5,27699995
Bangladesh;BGD;Government expenditure on education, total (% of GDP);SE.XPD.TOTL.GD.ZS;2,125080109;2,171930075;2,017149925;2,069390059;1,940140009;;2,131289959;2,202219963;2,05456996;1,939419985;;2,132699966;2,046999931;1,965999961;2,098999977;1,871999979;2,220999956;1,850000024;1,656000018;1,680999994;1,764999986;1,83099997;1,97300005
Bulgaria;BGR;Government expenditure on education, total (% of GDP);SE.XPD.TOTL.GD.ZS;;3,384239912;3,386080027;3,998450041;2,319950104;4,108799934;3,903460026;3,680340052;4,219089985;4,274290085;3,857969999;3,546979904;3,476370096;4,058229923;4,070053101;3,912084341;3,393708229;4,075270176;4,045289993;4,19715023;4,502870083;4,290074825;
Bahrain;BHR;Government expenditure on education, total (% of GDP);SE.XPD.TOTL.GD.ZS;;;;;;;2,874409914;2,575000048;2,496779919;;;;2,645309925;2,476890087;2,467459917;2,674540043;3,256000042;2,324520111;2,808000088;2,38499999;2,552000046;2,220999956;1,986999989
Bahamas, The;BHS;Government expenditure on education, total (% of GDP);SE.XPD.TOTL.GD.ZS;2,232840061;;;;;;;;;;;2,349999905;2,453000069;2,351000071;2,447999954;2,398999929;2,604000092;2,806999922;2,565999985;2,700999975;2,867000103;3,572999954;3,174000025
Bosnia and Herzegovina;BIH;Government expenditure on education, total (% of GDP);SE.XPD.TOTL.GD.ZS;;;;;;;;;;;;;;;;;;;;;;;
Belarus;BLR;Government expenditure on education, total (% of GDP);SE.XPD.TOTL.GD.ZS;6,196619987;;;;5,712259769;5,871029854;6,076960087;5,152100086;5,713215351;4,368939877;5,220039845;4,684790134;4,959640026;5,009419918;4,818329811;4,787509918;4,946549892;4,795000076;5,381000042;4,979489803;4,862639904;4,606410027;5,187370777
Belize;BLZ;Government expenditure on education, total (% of GDP);SE.XPD.TOTL.GD.ZS;3,778970003;4,322100163;;3,938060045;4,043340206;;;;4,328110218;4,828690052;5,267479897;5,519999981;5,472000122;5,141980171;5,147729874;5,357739925;5,680840015;5,902510166;6,074989796;5,90775013;5,152190208;5,856490135;4,473050117
Bermuda;BMU;Government expenditure on education, total (% of GDP);SE.XPD.TOTL.GD.ZS;;;;1,666270018;1,775879979;1,988770008;;;;2,289200068;2,306689978;2,197000027;2,385999918;2,279999971;1,536880016;1,501639962;1,914999962;1,324959993;1,93599999;1,927000046;1,889999986;1,88499999;1,922000051
Bolivia;BOL;Government expenditure on education, total (% of GDP);SE.XPD.TOTL.GD.ZS;;;;;;6,713525295;6,434219837;6,720489979;6,723020077;7,574860096;6,973790169;6,450560093;6,627999783;6,803219795;7,478129864;8,143429756;8,15060997;8,097240448;8,015870094;8,091039658;8,437109947;7,961740017;7,740739822
Brazil;BRA;Government expenditure on education, total (% of GDP);SE.XPD.TOTL.GD.ZS;3,948930025;3,844680071;3,750370026;;3,974479914;4,4790802;4,870600224;4,974259853;5,268839836;5,463550091;5,648799896;5,737410069;5,855100155;5,838850021;5,948480129;6,24105978;6,314040184;6,32047987;6,088510036;5,963469982;5,771500111;;
Barbados;BRB;Government expenditure on education, total (% of GDP);SE.XPD.TOTL.GD.ZS;4,71585989;6,055369854;5,880620003;6,245699883;6,024280071;5,669650078;;5,220449924;4,922599792;5,116260052;6,054180145;;5,262509823;5,148890018;6,143179893;5,177000046;4,697669983;4,363840103;5,132999897;4,111229897;4,202179909;4,975999832;4,508759975
Brunei Darussalam;BRN;Government expenditure on education, total (% of GDP);SE.XPD.TOTL.GD.ZS;3,705909967;;;;;;;;;;2,046610117;3,322099924;2,889590025;;3,353189945;;4,425409794;;;;;;
Bhutan;BTN;Government expenditure on education, total (% of GDP);SE.XPD.TOTL.GD.ZS;5,786759853;5,91573;;;6,609069824;7,287149906;;;4,911590099;4,741740227;4,12473011;4,765230179;;5,722750187;6,04489994;6,237999916;6,336999893;6,699999809;6,073999882;4,761000156;5,980999947;6,973999977;8,142000198
Botswana;BWA;Government expenditure on education, total (% of GDP);SE.XPD.TOTL.GD.ZS;;;;;;10,67858982;;9,04666996;;9,825300217;;;9,258000374;8,017000198;8,222999573;8,395000458;8,736000061;7,809000015;7,90500021;8,399000168;8,057999611;;
Central African Republic;CAF;Government expenditure on education, total (% of GDP);SE.XPD.TOTL.GD.ZS;1,612650037;;1,519569993;1,539800048;1,624529958;1,652220011;1,415060043;1,313320041;1,290009975;1,254580021;1,117609978;1,107920051;1,980000019;2,638000011;2,220000029;1,909999967;1,753999949;1,753999949;1,565999985;1,768000007;2,144999981;1,873000026;2,11500001
Canada;CAN;Government expenditure on education, total (% of GDP);SE.XPD.TOTL.GD.ZS;5,423319817;4,953030109;4,993080139;;;4,765880108;;4,766409874;4,62612009;4,840579987;5,356369972;5,262050152;4,692587376;4,589009762;4,843589783;4,739379883;4,816420078;4,959969997;4,888979912;4,772930145;4,887949944;4,594006062;4,139571667
Central Europe and the Baltics;CEB;Government expenditure on education, total (% of GDP);SE.XPD.TOTL.GD.ZS;4,868400097;5,079734802;5,179230213;5,057149887;4,834060192;4,878399849;4,825729847;4,595210075;4,839900017;4,946360111;4,723750114;4,56317997;4,717720032;4,538440228;4,486579895;4,817009926;4,65749979;4,075270176;4,243569851;4,273190022;4,721590042;5,010000229;
Switzerland;CHE;Government expenditure on education, total (% of GDP);SE.XPD.TOTL.GD.ZS;4,658780098;4,822189808;5,17881012;5,384009838;5,314290047;5,084720135;4,841209888;4,583950043;4,757259846;4,925610065;4,802100182;4,856639862;4,898620129;4,913929939;4,930570126;4,99559021;4,981639862;5,017650127;4,930089951;5,014389992;5,291639805;5,610000134;
Channel Islands;CHI;Government expenditure on education, total (% of GDP);SE.XPD.TOTL.GD.ZS;;;;;;;;;;;;;;;;;;;;;;;
Chile;CHL;Government expenditure on education, total (% of GDP);SE.XPD.TOTL.GD.ZS;3,757070065;;4,048810005;3,918689966;3,543070078;3,280169964;3,040149927;3,233160019;3,79189992;4,254759789;4,189539909;4,061729908;;4,548140049;4,751679897;4,903900146;5,36646986;5,432789803;5,473060131;5,619969845;5,62514019;4,039999962;
China;CHN;Government expenditure on education, total (% of GDP);SE.XPD.TOTL.GD.ZS;;;;;;;;2,700734854;3,631788254;3,751522064;3,754642487;3,521965027;3,944000006;3,710000038;3,579999924;3,813999891;3,760999918;3,624000072;3,542494535;3,541054726;3,572956324;3,297843456;3,298387527
Cote d'Ivoire;CIV;Government expenditure on education, total (% of GDP);SE.XPD.TOTL.GD.ZS;2,40031004;2,444770098;2,810480118;2,864370108;2,911760092;2,919440031;2,819999933;3,016139984;3,098530054;3,173939943;3,246510029;2,865760088;3,434469938;3,458600044;3,314169884;3,494129896;3,935930014;3,736540079;3,211649895;3,440670013;3,78944993;3,372760057;3,519720078
Cameroon;CMR;Government expenditure on education, total (% of GDP);SE.XPD.TOTL.GD.ZS;1,702849984;2,297339916;;2,822590113;2,795300007;2,65651989;2,539910078;2,87816;2,498270035;2,907900095;2,84803009;2,653369904;2,603060007;2,655479908;2,583960056;2,657919884;2,562340021;3,059629917;3,030960083;3,046999931;3,104000092;2,828000069;2,618000031
Congo, Dem. Rep.;COD;Government expenditure on education, total (% of GDP);SE.XPD.TOTL.GD.ZS;;;;;;;;;;;1,524979949;;;2,062210083;1,951429963;2,170439959;2,118690014;1,454949975;;;2,622999907;2,660000086;3,003000021
Congo, Rep.;COG;Government expenditure on education, total (% of GDP);SE.XPD.TOTL.GD.ZS;;;3,208319902;2,836159945;2,288130045;1,681020021;;;;;5,686729908;2,647000074;2,739000082;5,013999939;3,183710098;3,282579899;;4,450520039;2,995480061;3,559000015;4,618999958;3,674999952;2,951999903
Colombia;COL;Government expenditure on education, total (% of GDP);SE.XPD.TOTL.GD.ZS;3,511209965;3,708679914;4,268129826;4,325139999;4,079349995;4,020989895;3,916719913;4,083010197;3,938780069;4,776519775;4,83382988;4,466080189;4,370389938;4,878550053;4,629459858;4,470389843;4,477210045;4,535510063;4,449100018;4,510690212;5,265500069;3,920000076;
Comoros;COM;Government expenditure on education, total (% of GDP);SE.XPD.TOTL.GD.ZS;;;2,258419991;;;;;;4,42264986;;;2,830450058;2,747839928;2,382760048;2,744729996;2,545059919;;;;;2,378000021;2,275000095;2,431999922
Cabo Verde;CPV;Government expenditure on education, total (% of GDP);SE.XPD.TOTL.GD.ZS;;;7,876820087;;7,476640224;;6,529600143;4,959819794;5,034649849;4,865869999;5,076580048;4,597849846;5,397999763;4,561570168;4,521349907;4,806220055;4,754759789;4,592780113;4,788000107;4,138510227;;6,038000107;
Costa Rica;CRI;Government expenditure on education, total (% of GDP);SE.XPD.TOTL.GD.ZS;4,666950226;4,832029819;5,150440216;5,133739948;4,890629768;;4,616139889;4,63451004;4,886970043;6,010300159;6,565740108;6,379889965;6,582399845;6,687399864;6,67952013;6,87349987;6,893959999;7,069809914;6,769919872;6,738080025;6,62898016;6,281710148;
Caribbean small states;CSS;Government expenditure on education, total (% of GDP);SE.XPD.TOTL.GD.ZS;3,869560003;4,223160028;4,459119916;3,696724892;3,912549973;4,616419792;;5,49022007;6,191319942;6,198480129;5,291300058;5,058820128;4,897230029;5,012040019;4,815930009;4,954105139;4,743304968;4,395084977;4,526904941;4,353320003;4,91189003;4,320009947;4,117175102
Cuba;CUB;Government expenditure on education, total (% of GDP);SE.XPD.TOTL.GD.ZS;7,704810143;8,358090401;9,571169853;9,940859795;10,26823044;10,55778027;9,057169914;11,86820984;14,05908012;13,12485981;12,83730984;;11,55200005;10,67199993;9,607000351;8,963000298;9,012999535;;;9,046999931;;9,38599968;
Curacao;CUW;Government expenditure on education, total (% of GDP);SE.XPD.TOTL.GD.ZS;;;;;;;;;;;;;6,294000149;5,10559988;;7,361000061;7,234000206;;6,813000202;6,625;7,906000137;7,318999767;
Cayman Islands;CYM;Government expenditure on education, total (% of GDP);SE.XPD.TOTL.GD.ZS;;;;;;;;;;;;;;;;;;;2,164000034;2,062000036;;;
Cyprus;CYP;Government expenditure on education, total (% of GDP);SE.XPD.TOTL.GD.ZS;4,9895401;5,11552;5,581669807;6,670229912;6,117720127;6,286670208;6,330269814;6,280829906;6,722760201;7,205450058;6,525599957;6,520420074;5,89526701;6,467470169;6,421110153;6,304910183;6,11811018;5,69961977;5,025352955;5,21296978;5,686289787;5,483181953;
Czechia;CZE;Government expenditure on education, total (% of GDP);SE.XPD.TOTL.GD.ZS;3,64034009;3,732830048;3,95878005;4,117280006;3,992389917;3,865910053;4,195509911;3,84717989;3,727190018;4,14605999;4,033500195;4,242090225;4,220709801;4,046760082;3,965229988;5,751820087;5,553730011;3,806159973;4,266059875;4,542469978;4,721590042;5,050000191;
Germany;DEU;Government expenditure on education, total (% of GDP);SE.XPD.TOTL.GD.ZS;;;;;;4,107310772;4,0252738;3,920000076;4,549240112;4,340000153;5,095880032;4,984250069;4,928440094;4,935389996;4,921020031;4,855150223;4,839230061;4,871829987;4,979330063;5,116769791;5,587590218;4,510000229;4,543890476
Djibouti;DJI;Government expenditure on education, total (% of GDP);SE.XPD.TOTL.GD.ZS;9,659999847;7,805429935;8,447600365;8,889849663;9,264670372;8,365889549;8,278779984;8,40625;;;4,49022007;;6,350999832;4,647999763;4,383999825;3,598949909;3,922260046;3,733449936;3,751430035;;;;
Dominica;DMA;Government expenditure on education, total (% of GDP);SE.XPD.TOTL.GD.ZS;;;;;;;;;;;;;4,528999805;4,354000092;4,334000111;3,408580065;4,81400013;5,210000038;4,84499979;5,534490108;4,69630003;5,190999985;4,657000065
Denmark;DNK;Government expenditure on education, total (% of GDP);SE.XPD.TOTL.GD.ZS;8,084340096;8,215450287;8,213029861;8,121930122;8,207630157;8,085570335;7,729909897;7,615600109;7,4760499;8,448880196;8,559550285;8,48486042;7,237820148;8,494429588;7,634850025;7,010000229;7,691060066;7,115859985;7,296909809;7,255050182;7,389110088;5,929999828;
Dominican Republic;DOM;Government expenditure on education, total (% of GDP);SE.XPD.TOTL.GD.ZS;1,888290048;1,967829943;1,914010048;1,84465003;;;;2,046789885;;;;;;3,628000021;3,621999979;3,604000092;3,849999905;3,920000076;3,917999983;4,043000221;4,518000126;3,746999979;3,940000057
Algeria;DZA;Government expenditure on education, total (% of GDP);SE.XPD.TOTL.GD.ZS;;;;;;;;;4,33701992;;;;7,638000011;7,291999817;7,318999767;7,962999821;7,343999863;6,40199995;6,324999809;6,037000179;7,041999817;6,298999786;
East Asia & Pacific (excluding high income);EAP;Government expenditure on education, total (% of GDP);SE.XPD.TOTL.GD.ZS;4,208930016;2,69233501;2,89222002;;2,748470068;;;3,061334968;3,570144176;3,806730986;3,754642487;3,651097536;3,770499945;3,76699996;3,539999962;3,583600044;3,569971323;3,441999912;3,246685028;3,085000038;3,531387448;3,016260028;3,098193765
Early-demographic dividend;EAR;Government expenditure on education, total (% of GDP);SE.XPD.TOTL.GD.ZS;3,905099988;4,105879784;3,520090103;;;;4,209100008;3,618584991;4,125389934;4,422070026;4,027415037;4,07831502;4,404124975;4,421679974;4,0832901;4,023875117;4,00170505;3,931309938;3,807715058;3,49000001;4,102509975;3,918500066;3,692499995
East Asia & Pacific;EAS;Government expenditure on education, total (% of GDP);SE.XPD.TOTL.GD.ZS;;;3,636954904;;3,539435029;;;3,279340029;3,508500099;4,127034903;3,754642487;3,692754984;3,770499945;3,792159915;3,572550058;3,583600044;3,569971323;3,441999912;3,310805082;3,355999947;3,616478205;3,320921779;3,402193785
Europe & Central Asia (excluding high income);ECA;Government expenditure on education, total (% of GDP);SE.XPD.TOTL.GD.ZS;3,430170059;3,421469927;3,227304935;3,482344985;3,337610006;3,642030001;3,634880066;3,546805024;3,80548799;4,274290085;3,852797151;3,935110092;3,874685287;4,058229923;4,070053101;4,117142081;3,962090015;4,323689938;4,300039768;4,056695104;4,446000099;4,338037491;4,69618535
Europe & Central Asia;ECS;Government expenditure on education, total (% of GDP);SE.XPD.TOTL.GD.ZS;4,166049957;4,587885141;4,445459843;4,920700073;4,782285213;4,926849842;4,907670021;4,633289814;4,839900017;4,968065023;5,095880032;4,922635078;4,898620129;4,972404957;4,925795078;4,909530163;4,815949917;4,735224962;4,67667985;4,630020142;4,869600058;4,960000038;
Ecuador;ECU;Government expenditure on education, total (% of GDP);SE.XPD.TOTL.GD.ZS;1,150930047;;;;;;;;;4,342420101;4,507430077;4,726890087;4,643070221;5,004640102;5,260990143;4,998700142;4,362999916;4,613999844;4,620999813;4,225659847;4,114019871;3,691380024;3,64703989
Egypt, Arab Rep.;EGY;Government expenditure on education, total (% of GDP);SE.XPD.TOTL.GD.ZS;;;;4,945630074;4,6707201;4,794429779;4,001780033;3,68460989;3,760829926;3,639190912;3,542651892;3,344296455;3,368304729;4,122526169;4,251385689;3,930848122;;;;;;;
Euro area;EMU;Government expenditure on education, total (% of GDP);SE.XPD.TOTL.GD.ZS;4,585120201;5,228459835;5,032310009;5,057149887;4,876749992;5,091674805;4,95732069;4,674350023;5,069284916;5,559059858;5,450789928;5,11838007;5,315917015;5,305814981;5,150075674;4,93930769;4,815949917;4,826184988;4,804859877;4,763255119;5,143194914;5,005000114;
Eritrea;ERI;Government expenditure on education, total (% of GDP);SE.XPD.TOTL.GD.ZS;;4,047160149;3,523900032;;3,148969889;;2,127000093;;;;;;;;;;;;;;;;
Spain;ESP;Government expenditure on education, total (% of GDP);SE.XPD.TOTL.GD.ZS;4,166049957;4,111269951;4,134570122;4,173429966;4,157859802;4,144320011;4,184820175;4,254049778;4,528059959;4,912000179;4,856080055;4,740829945;4,481130123;4,349619865;4,301509857;4,284570217;4,225440025;4,205520153;4,179490089;4,230219841;4,899869919;4,550000191;
Estonia;EST;Government expenditure on education, total (% of GDP);SE.XPD.TOTL.GD.ZS;5,339459896;5,228459835;5,43460989;5,273099899;4,876749992;4,810269833;5,856762409;4,619909763;5,484039783;5,960050106;5,517789841;5,014490128;4,717720032;4,843880177;4,394330025;5,144189835;5,15763998;4,961319923;5,239970207;5,295710087;5,519929886;5,909999847;
Ethiopia;ETH;Government expenditure on education, total (% of GDP);SE.XPD.TOTL.GD.ZS;3,983109951;3,700289965;3,632450104;;;;5,490960121;5,451129913;5,408199787;4,422070026;4,496590137;5,485760212;5,56678009;4,498549938;4,602019787;5,152999878;5,061999798;5,499000072;5,21999979;4,480999947;4,09100008;4,065000057;3,736000061
European Union;EUU;Government expenditure on education, total (% of GDP);SE.XPD.TOTL.GD.ZS;4,868400097;5,079734802;5,179230213;5,085664988;4,961565018;5,109399796;5,006971359;4,715410233;5,029049873;5,522659779;5,297860146;5,071619987;4,949409962;5,021240234;4,966569901;4,909530163;4,792669773;4,647570133;4,623439789;4,630020142;4,876560211;5,010000229;
Fragile and conflict affected situations;FCS;Government expenditure on education, total (% of GDP);SE.XPD.TOTL.GD.ZS;;;;;;;;;;;3,479449987;3,608119965;3,479490042;3,571994901;3,671705008;3,67008996;3,094779968;3,789769888;3,013220072;3,54052496;;;
Finland;FIN;Government expenditure on education, total (% of GDP);SE.XPD.TOTL.GD.ZS;5,709300041;5,840250015;6,0167799;6,167439938;6,157579899;6,02507019;5,928380013;5,67125988;5,83010006;6,459559917;6,504449844;6,445049763;7,148039818;7,124040127;7,102369785;7,032080173;6,851530075;6,363110065;6,275579929;6,416950226;6,634940147;5,710000038;
Fiji;FJI;Government expenditure on education, total (% of GDP);SE.XPD.TOTL.GD.ZS;5,877739906;5,643109798;6,275869846;;6,209159851;5,167059898;5,655320168;5,894720078;4,25357008;4,498479843;;4,17305994;4,461999893;3,882889986;3,769999981;4,809000015;4,835999966;4,881000042;5,038000107;5,118000031;5,747000217;5,974999905;
France;FRA;Government expenditure on education, total (% of GDP);SE.XPD.TOTL.GD.ZS;;;;;;5,51722765;5,475310326;5,300000191;5,389999866;5,670000076;5,639999866;5,480000019;5,489999771;5,489999771;5,489999771;5,449999809;5,409999847;5,451600075;5,407169819;5,354430199;5,677840233;5,239999771;
Faroe Islands;FRO;Government expenditure on education, total (% of GDP);SE.XPD.TOTL.GD.ZS;;;;;;;;;;;;;;;;;;;;;;;
Micronesia, Fed. Sts.;FSM;Government expenditure on education, total (% of GDP);SE.XPD.TOTL.GD.ZS;6,706870079;;;;;;;;;;;;11,71899986;12,34399986;12,22799969;13,64700031;13,51299953;12,41600037;9,69699955;10,22599983;10,53899956;;
Gabon;GAB;Government expenditure on education, total (% of GDP);SE.XPD.TOTL.GD.ZS;3,827090025;;;;;;;;;;3,078089952;2,987459898;3,013400078;3,029710054;2,666670084;2,823999882;2,667999983;3,555999994;3,072000027;2,874000072;3,398999929;2,700999975;2,207999945
United Kingdom;GBR;Government expenditure on education, total (% of GDP);SE.XPD.TOTL.GD.ZS;4,014750004;4,098690033;4,615200043;4,800980091;4,730510235;4,926849842;4,973309994;4,921780109;4,906070232;5,059020042;5,687369823;5,558959961;5,590000153;5,526830196;5,59841013;5,553589821;5,415110111;5,431250095;5,198070049;5,248710155;5,497700214;5,400000095;
Georgia;GEO;Government expenditure on education, total (% of GDP);SE.XPD.TOTL.GD.ZS;2,181050062;2,137500048;2,235019922;2,065599918;2,914200068;2,484319925;3,00364995;2,696870089;2,919549942;3,222379923;2,803647995;2,576139927;1,906100035;3,473221779;2,997999907;3,164999962;3,593869925;3,574429989;3,52105999;3,866669893;3,849999905;3,637589931;3,812849998
Ghana;GHA;Government expenditure on education, total (% of GDP);SE.XPD.TOTL.GD.ZS;;5,354440212;;;7,535580158;7,42208004;5,147940159;5,519869804;5,757959843;5,317440033;5,540599823;8,14097023;7,919139862;4,576469898;4,39978981;4,434050083;4,394529819;3,533629894;3,886130095;3,153000116;3,40899992;3,41899991;2,904999971
Gibraltar;GIB;Government expenditure on education, total (% of GDP);SE.XPD.TOTL.GD.ZS;;;;;;;;;;;;;;;;;;;;;;;
Guinea;GIN;Government expenditure on education, total (% of GDP);SE.XPD.TOTL.GD.ZS;2,593400002;2,081909895;2,593869925;2,371020079;2,210000038;1,849060059;;;1,581120014;2,207250118;2,551189899;2,287420034;1,833709955;2,63421011;2,422810078;2,517139912;2,544500113;2,320339918;2,384320021;1,858129978;2,432670116;2,040999889;1,985999942
Gambia, The;GMB;Government expenditure on education, total (% of GDP);SE.XPD.TOTL.GD.ZS;1,465870023;1,158100009;1,44291997;1,363379955;0,622470021;0,691879988;0,751630008;0,81686002;2,181299925;1,908139944;2,563220024;2,50116992;2,637569904;1,818390012;2,230940104;2,160029888;2,024430037;2,459000111;2,365439892;2,654999971;2,887000084;2,940000057;2,727999926
Guinea-Bissau;GNB;Government expenditure on education, total (% of GDP);SE.XPD.TOTL.GD.ZS;;;;;;;;;;;1,860820055;1,857859969;2,001060009;2,13248992;;;;;;;;;
Equatorial Guinea;GNQ;Government expenditure on education, total (% of GDP);SE.XPD.TOTL.GD.ZS;;;;;;;;;;;;;;;;;;;;;;;
Greece;GRC;Government expenditure on education, total (% of GDP);SE.XPD.TOTL.GD.ZS;3,230190039;3,364579916;3,424309969;3,429339886;3,667190075;3,963959932;3,647722006;3,589999914;3,769999981;4,130000114;4,139999866;4,519999981;4,579999924;4,5;4,320000172;3,661390066;4,019999981;3,477089882;3,597340107;3,586060047;4,510000229;4,090000153;
Grenada;GRD;Government expenditure on education, total (% of GDP);SE.XPD.TOTL.GD.ZS;;;;3,926739931;;;;;;;5,074999809;5,485000134;5,072000027;;4,478000164;4,238999844;;3,173799992;3,559000015;;;4,090000153;3,934999943
Greenland;GRL;Government expenditure on education, total (% of GDP);SE.XPD.TOTL.GD.ZS;;;;;;;;;;;;;;;;;;;;;;;
Guatemala;GTM;Government expenditure on education, total (% of GDP);SE.XPD.TOTL.GD.ZS;;;;;;;3,032850027;3,088089943;3,236860037;;2,848649979;2,968650103;3,005249977;2,888089895;2,985620022;3,030329943;2,944740057;2,950099945;3,131939888;3,192970037;3,295030117;3,106349945;3,229409933
Guam;GUM;Government expenditure on education, total (% of GDP);SE.XPD.TOTL.GD.ZS;;;;;;;;;;;;;;;;;;;;;;;
Guyana;GUY;Government expenditure on education, total (% of GDP);SE.XPD.TOTL.GD.ZS;8,484149933;8,397299767;8,365539551;6,955900192;5,51293993;8,139730453;3,118910074;2,391170025;;2,150579929;2,409389973;2,506690025;2,241319895;;4,360330105;3,895699978;4,737750053;4,66478014;4,45058012;;;;
High income;HIC;Government expenditure on education, total (% of GDP);SE.XPD.TOTL.GD.ZS;4,658780098;4,822189808;4,805900097;4,920700073;4,855405092;4,926849842;4,874439955;4,653649807;4,798579931;5,059020042;5,297860146;5,014490128;4,88264513;4,913929939;4,921020031;4,903900146;4,806660175;4,780539989;4,64929986;4,681735039;4,882255077;4,960000038;
Hong Kong SAR, China;HKG;Government expenditure on education, total (% of GDP);SE.XPD.TOTL.GD.ZS;;3,903700113;4,015540123;4,285299778;4,558959961;4,134630203;3,842789888;3,454550028;3,260629892;4,392129898;3,510030031;3,418220043;3,509609938;3,760319948;3,572550058;3,262120008;3,292690039;3,309890032;3,326240063;3,810179949;4,405620098;4,000309944;3,729120016
Honduras;HND;Government expenditure on education, total (% of GDP);SE.XPD.TOTL.GD.ZS;;;;;;;;;;;;;6,300000191;5,874929905;7,090119839;6,412970066;6,308000088;5,743999958;6,056469917;5,93200016;5,975999832;5,81099987;4,441999912
Heavily indebted poor countries (HIPC);HPC;Government expenditure on education, total (% of GDP);SE.XPD.TOTL.GD.ZS;2,565020084;2,658449888;2,580104947;;2,803959966;2,837270021;2,819999933;;2,750200033;3,131605029;3,343889952;3,124369979;3,310644984;3,454459906;3,325690031;3,570609927;3,188679934;3,63261497;3,39011991;3,483335018;3,599224925;3,395879984;3,224499941
Croatia;HRV;Government expenditure on education, total (% of GDP);SE.XPD.TOTL.GD.ZS;;;3,823009968;3,869019985;3,822149992;5,367049694;5,006971359;3,977319956;4,286819935;4,38888979;4,227210045;4,125649929;5,221613884;4,538440228;5,176151276;4,969085217;4,896224499;3,889219999;3,945780039;3,954370022;4,434420109;5,200453281;
Haiti;HTI;Government expenditure on education, total (% of GDP);SE.XPD.TOTL.GD.ZS;;;;;;;;;;;;;;;1,752269983;1,854979992;1,387760043;1,498469949;1,637159944;1,758999944;1,371000051;1,243000031;1,02699995
Hungary;HUN;Government expenditure on education, total (% of GDP);SE.XPD.TOTL.GD.ZS;4,868400097;4,931009769;5,179230213;5,792300224;5,327620029;5,320079803;5,289740086;5,134950161;4,967639923;4,946360111;4,723750114;4,56317997;4,142499924;4,189219952;4,60187006;4,495399952;4,615479946;4,647570133;4,623439789;4,224880219;4,155210018;5,010000229;
IBRD only;IBD;Government expenditure on education, total (% of GDP);SE.XPD.TOTL.GD.ZS;3,948930025;3,833570004;3,823009968;3,893854976;3,822149992;3,979789972;3,959249973;3,830964923;4,101749897;4,429765701;3,973435998;3,89854002;4,08949995;4,18072319;4,259367943;4,322199821;4,21449995;4,130135059;4,021144986;3,906620026;4,35243988;3,900500059;3,729944944
IDA & IBRD total;IBT;Government expenditure on education, total (% of GDP);SE.XPD.TOTL.GD.ZS;3,242324948;3,421469927;3,271494985;3,382760048;3,326699972;3,517155051;3,759444952;3,60984993;3,859465003;4,098309994;3,709180117;3,77420187;3,703719974;3,787245035;3,760075092;3,886940002;3,819204926;3,789769888;3,713920116;3,606734991;4,09100008;3,696730018;3,579999924
IDA total;IDA;Government expenditure on education, total (% of GDP);SE.XPD.TOTL.GD.ZS;2,565020084;2,70720005;2,775789976;;2,803959966;3,114539981;2,984354973;;3,098530054;3,173939943;3,343889952;3,171119928;3,45361495;3,306080103;3,319929957;3,494129896;3,358684897;3,535589933;3,3229599;3,463335037;3,660000086;3,285380006;3,237999916
IDA blend;IDB;Government expenditure on education, total (% of GDP);SE.XPD.TOTL.GD.ZS;;;;;2,541715026;2,353119969;;;;;3,83175993;4,700129986;4,931210041;5,013999939;4,717299938;4,743500233;5,155090094;4,706804991;3,013220072;3,559000015;4,139500022;2,973999977;
Indonesia;IDN;Government expenditure on education, total (% of GDP);SE.XPD.TOTL.GD.ZS;;2,460030079;2,645689964;3,217999935;2,748470068;2,872819901;;3,044250011;2,901900053;3,525130033;2,81227994;3,189440012;3,407480001;3,359040022;3,288009882;3,583600044;3,569971323;2,669978619;2,754226446;2,842077971;3,489818573;3,046519995;2,420125961
IDA only;IDX;Government expenditure on education, total (% of GDP);SE.XPD.TOTL.GD.ZS;2,579210043;2,70720005;2,594419956;;2,862190008;3,337139964;3,009919882;3,078419924;3,251044989;3,173939943;3,343889952;3,124369979;3,434469938;3,255259991;3,314169884;3,394064903;3,255934954;3,533629894;3,457279921;3,440670013;3,40899992;3,372760057;3,378859997
Isle of Man;IMN;Government expenditure on education, total (% of GDP);SE.XPD.TOTL.GD.ZS;;;;;;;;;;;;;;;;;;;;;;;
India;IND;Government expenditure on education, total (% of GDP);SE.XPD.TOTL.GD.ZS;4,324790001;;;3,613409996;3,352540016;3,188750029;3,142849922;;;3,278249979;3,377690077;3,79618001;4,085000038;3,844670057;3,898999929;4,114999771;4,256999969;4,306000233;4,376999855;3,897000074;4,293000221;4,635000229;
Not classified;INX;Government expenditure on education, total (% of GDP);SE.XPD.TOTL.GD.ZS;;;;;;;;;;;;;;;;;;;;;;;
Ireland;IRL;Government expenditure on education, total (% of GDP);SE.XPD.TOTL.GD.ZS;4,132259846;4,087490082;4,104879856;4,204939842;4,482960224;4,518980026;4,547420025;4,715410233;5,458280087;6,15610981;6,050330162;5,828370094;5,74932003;5,340660095;4,874710083;3,756259918;3,740080118;3,499419928;3,386759996;3,292959929;3,271859884;2,930000067;
Iran, Islamic Rep.;IRN;Government expenditure on education, total (% of GDP);SE.XPD.TOTL.GD.ZS;4,030640125;4,071680069;4,484879971;4,363220215;4,296629906;4,056509972;4,289989948;4,596809864;3,913759947;3,842449903;3,709180117;3,484970093;2,938999891;2,852790117;2,61668992;2,629110098;3,173969984;3,459569931;3,619790077;3,257750034;3,204950094;;2,669980049
Iraq;IRQ;Government expenditure on education, total (% of GDP);SE.XPD.TOTL.GD.ZS;;;;;;;;;;;;;;;;;;;;;;;
Iceland;ISL;Government expenditure on education, total (% of GDP);SE.XPD.TOTL.GD.ZS;6,431439877;6,705920219;7,298920155;7,245079994;7,161180019;7,338439941;7,195219994;6,944330215;7,036019802;7,189849854;6,944240093;6,789979935;7,582230091;7,448689938;7,641409874;7,457970142;7,432199955;7,583859921;7,563499928;7,606750011;8,614439964;7,690000057;7,139665127
Israel;ISR;Government expenditure on education, total (% of GDP);SE.XPD.TOTL.GD.ZS;5,951950073;6,193160057;6,262819767;6,139949799;5,753479958;5,581389904;5,592189789;5,349919796;5,424349785;5,377850056;5,433909893;5,45581007;5,58893013;5,784150124;5,704710007;5,797659874;5,799809933;6,007719994;6,062849998;6,056739807;6,462299824;6,599999905;6,460000038
Italy;ITA;Government expenditure on education, total (% of GDP);SE.XPD.TOTL.GD.ZS;4,291079998;4,650090218;4,432409763;4,541790009;4,385200024;4,238299847;4,52545023;4,10503006;4,387949944;4,523719788;4,334119797;4,115680218;4,056019783;4,143670082;4,061279774;4,073629856;3,815789938;4,044939995;4,256140232;4,095270157;4,441949844;4,019999981;
Jamaica;JAM;Government expenditure on education, total (% of GDP);SE.XPD.TOTL.GD.ZS;4,983469963;5,381030083;5,375229836;4,256849766;3,912549973;4,616419792;;5,49022007;6,191319942;6,198480129;6,370600224;6,266640186;6,112460136;6,251080036;6,015860081;5,455210209;5,314610004;5,260169983;5,413809776;5,163640022;5,617000103;5,631239891;5,35435009
Jordan;JOR;Government expenditure on education, total (% of GDP);SE.XPD.TOTL.GD.ZS;;;;;;;;;;;;;;;;;3,452820063;3,213059902;2,954619884;2,988460064;;3,220439911;3,240269899
Japan;JPN;Government expenditure on education, total (% of GDP);SE.XPD.TOTL.GD.ZS;3,460119963;3,400820017;3,408989906;3,466629982;3,426110029;3,314939976;3,276679993;3,279340029;3,27241993;3,779999971;3,599519968;3,605279922;3,419450045;3,408750057;3,415299892;3,312210083;3,146430016;3,130579948;3,077820063;3,155339956;3,306289911;3,460000038;
Kazakhstan;KAZ;Government expenditure on education, total (% of GDP);SE.XPD.TOTL.GD.ZS;3,25661993;;3,029700041;;2,25590992;2,263530016;2,626780033;2,831389904;2,589459896;3,060719967;3,462257385;3,493520975;3,901686192;3,437000036;3,421652794;2,788579941;2,978100061;2,750819921;2,615950108;2,856970072;4,446000099;4,386000156;4,204999924
Kenya;KEN;Government expenditure on education, total (% of GDP);SE.XPD.TOTL.GD.ZS;5,186729908;5,206210136;6,171999931;6,494269848;6,796929836;7,335649967;7,049839973;;;4,019999981;4,815489769;4,700129986;4,931210041;4,837210178;4,717299938;4,743500233;4,895180225;4,963089943;5,107619762;;4,628155708;;
Kyrgyz Republic;KGZ;Government expenditure on education, total (% of GDP);SE.XPD.TOTL.GD.ZS;3,50838995;3,854180098;4,445459843;4,475419998;4,622439861;4,873839855;5,549860001;6,467000008;5,913189888;6,232679844;5,818830013;6,79061985;7,384230137;6,780200005;5,531599998;5,985509872;6,586150169;6,026189804;5,552670002;5,366749763;6,093910217;6,531000137;7,959000111
Cambodia;KHM;Government expenditure on education, total (% of GDP);SE.XPD.TOTL.GD.ZS;1,666810036;1,722219944;1,711210012;;1,719820023;;;1,599300027;;1,665680051;1,533789992;1,510689974;1,414000034;1,481999993;1,567000031;1,702999949;1,871000051;2,095999956;2,447999954;2,825999975;3,002000093;1,671000004;
Kiribati;KIR;Government expenditure on education, total (% of GDP);SE.XPD.TOTL.GD.ZS;11,18587017;11,98812008;;;;;;;;;;13,04459953;13,42766571;13,21899986;12,95300007;12,11400032;13,4829998;13,57499981;15,37699986;13,76865482;;14,19515991;16,58246231
St. Kitts and Nevis;KNA;Government expenditure on education, total (% of GDP);SE.XPD.TOTL.GD.ZS;4,740389824;4,421549797;3,920510054;3,790990114;3,971349955;3,831449986;4,059259892;4,193809986;;;2,944000006;2,750999928;3,183000088;2,819999933;2,835000038;2,549880028;3,124000072;3,15899992;3,03399992;2,986999989;3,104000092;2,776599884;3,631000042
Korea, Rep.;KOR;Government expenditure on education, total (% of GDP);SE.XPD.TOTL.GD.ZS;;;;;;;;4,309999943;4,630000114;4,900000095;4,440000057;4,519999981;4,599999905;4,639999866;4,730000019;4,710000038;4,333099842;4,328239918;4,458079815;4,684659958;4,801720142;5,400000095;
Kuwait;KWT;Government expenditure on education, total (% of GDP);SE.XPD.TOTL.GD.ZS;;6,585830212;6,551109791;;5,535069942;4,738339901;3,759979963;;;;;;;;;;;;;;;;
Latin America & Caribbean (excluding high income);LAC;Government expenditure on education, total (% of GDP);SE.XPD.TOTL.GD.ZS;3,948930025;4,04286015;3,883855104;3,535049915;3,974479914;4,4790802;4,372174978;4,462600231;4,844409943;5,463550091;4,926769972;4,916270018;5,224464893;5,004640102;5,257470131;4,998700142;4,477210045;4,526865005;4,461549997;4,555345058;4,603859901;3,973500013;3,917050004
Lao PDR;LAO;Government expenditure on education, total (% of GDP);SE.XPD.TOTL.GD.ZS;1,503690004;1,990280032;2,825220108;;2,413000107;2,414089918;2,958790064;3,078419924;2,27854991;1,654850006;1,709789991;1,708019972;1,821470022;3,233809948;2,937809944;2,736999989;2,773999929;2,497999907;2,335000038;2,121999979;1,916000009;1,858999968;1,394000053
Lebanon;LBN;Government expenditure on education, total (% of GDP);SE.XPD.TOTL.GD.ZS;;2,841480017;2,552710056;;2,640949965;2,646189928;2,779759884;2,583570004;2,014790058;1,765709996;1,613309979;1,652519941;2,14902997;2,433969975;;;2,125999928;2,137000084;2,52699995;2,599999905;1,669999957;;
Liberia;LBR;Government expenditure on education, total (% of GDP);SE.XPD.TOTL.GD.ZS;;;;;;;;;1,701660037;;;;1,777119994;1,690780044;2,200050116;2,115999937;2,11500001;2,663300037;2,503910065;2,493999958;2,140000105;2,532140017;2,595000029
Libya;LBY;Government expenditure on education, total (% of GDP);SE.XPD.TOTL.GD.ZS;;;;;;;;;;;;;;;;;;;;;;;
St. Lucia;LCA;Government expenditure on education, total (% of GDP);SE.XPD.TOTL.GD.ZS;;5,707330227;;3,534490108;3,436460018;4,238959789;4,696690083;;4,483530045;3,067660093;3,482899904;3,598860025;3,290980101;3,87658;3,891429901;3,880630016;5,210760117;3,632999897;3,335779905;3,278840065;3,617219925;;4,197579861
Latin America & Caribbean;LCN;Government expenditure on education, total (% of GDP);SE.XPD.TOTL.GD.ZS;3,757070065;3,844680071;3,883855104;3,535049915;3,745604992;;3,916719913;4,083010197;4,82006979;5,463550091;4,670629978;4,307725191;4,873085022;4,878550053;4,690569878;4,470389843;4,364200115;4,468044996;4,461549997;4,555345058;4,562534809;3,973500013;3,894099951
Least developed countries: UN classification;LDC;Government expenditure on education, total (% of GDP);SE.XPD.TOTL.GD.ZS;2,593400002;2,682824969;2,580104947;;2,566900015;2,837270021;2,830970049;;2,750200033;2,920000076;3,343889952;3,171119928;3,082000017;3,244534969;2,937809944;3,217999935;2,911339998;2,946855068;3,198354959;3,013000011;3,242499948;3,110499978;3,210999966
Low income;LIC;Government expenditure on education, total (% of GDP);SE.XPD.TOTL.GD.ZS;2,646709919;3,001124978;;;3,146929979;;2,830970049;;2,723119974;3,091085076;2,721950054;3,077620029;2,881599903;3,052984953;3,325690031;3,255800009;2,958430052;2,76899004;3,3229599;3,382500052;3,576500058;3,943500042;3,736000061
Liechtenstein;LIE;Government expenditure on education, total (% of GDP);SE.XPD.TOTL.GD.ZS;;;;2,46013999;2,433330059;;2,053809881;1,921190023;2,048369884;;;2,556040049;;;;;;;;;;;
Sri Lanka;LKA;Government expenditure on education, total (% of GDP);SE.XPD.TOTL.GD.ZS;;;;;;;;;;2,055900097;1,66178;1,742920041;1,453420043;1,564589977;1,858590007;2,109980106;3,229290009;2,593169928;1,987810016;;1,554999948;1,508000016;1,200000048
Lower middle income;LMC;Government expenditure on education, total (% of GDP);SE.XPD.TOTL.GD.ZS;2,791340113;;2,858720064;;2,99477005;3,43838501;3,40350008;;3,913759947;3,90160501;3,709180117;3,788205028;4,051515102;4,122526169;3,539999962;4,078420162;3,92909503;3,736540079;3,6995399;3,486000061;3,877000093;3,372760057;3,379994988
Low & middle income;LMY;Government expenditure on education, total (% of GDP);SE.XPD.TOTL.GD.ZS;3,25661993;3,470605016;3,181389928;;3,277109981;3,534215093;3,8213799;3,603149891;3,859465003;4,019999981;3,694575071;3,761201859;3,712440014;3,782660007;3,760075092;3,864000082;3,813169956;3,789769888;3,706730008;3,606734991;4,008609772;3,702080011;3,549860001
Lesotho;LSO;Government expenditure on education, total (% of GDP);SE.XPD.TOTL.GD.ZS;10,09154987;9,365050316;10,10044956;13,21957016;11,10900974;12,07966042;11,27128029;;12,32952023;;;8,170000076;7,670000076;7,289999962;7,199999809;8,68599987;7,802000046;8,155320168;7,283609867;7,193999767;6,998000145;7,506999969;6,433000088
Late-demographic dividend;LTE;Government expenditure on education, total (% of GDP);SE.XPD.TOTL.GD.ZS;3,853990078;3,894940019;4,076844931;4,209569931;4,079349995;3,979789972;3,916719913;4,209839821;4,164649963;4,630249977;4,200769901;4,105550051;4,093999863;4,353839874;4,511894941;4,470389843;4,259000063;4,251499891;4,131999969;3,948119998;4,48300004;3,980000019;
Lithuania;LTU;Government expenditure on education, total (% of GDP);SE.XPD.TOTL.GD.ZS;;5,84758997;5,800079823;5,114180088;5,174280167;4,878399849;4,825729847;4,595210075;4,839900017;5,585239887;5,297860146;5,113430023;4,758029938;4,602330208;4,486579895;4,227190018;4,004310131;3,812200069;3,89289999;3,967570066;4,512559891;4,75;
Luxembourg;LUX;Government expenditure on education, total (% of GDP);SE.XPD.TOTL.GD.ZS;;3,539730072;;;;4,863881111;4,432856083;4,269999981;4,329999924;4,869999886;5,010000229;4,989999771;3,87816;4,679999828;3,855690002;3,767920017;4,349999905;3,48645997;3,66211009;3,7395401;3,838229895;4,699999809;4,703022003
Latvia;LVA;Government expenditure on education, total (% of GDP);SE.XPD.TOTL.GD.ZS;5,274270058;5,446959972;5,602540016;5,057149887;4,834060192;5,2989254;4,684669971;4,633289814;5,366449833;5,522659779;5,03881979;5,071619987;6,582709789;6,996970177;5,281229973;5,282519817;4,65749979;4,366710186;4,243569851;4,42054987;4,821040154;5,619999886;
Macao SAR, China;MAC;Government expenditure on education, total (% of GDP);SE.XPD.TOTL.GD.ZS;3,314389944;2,71446991;2,842959881;2,780169964;2,23348999;2,277879953;2,193860054;2,043450117;2,196409941;2,533230066;2,618489981;2,675280094;3,325160027;2,050489902;2,048530102;3,002470016;3,099529982;2,706429958;2,728780031;3,05862999;6,360320091;5,250319958;
St. Martin (French part);MAF;Government expenditure on education, total (% of GDP);SE.XPD.TOTL.GD.ZS;;;;;;;;;;;;;;;;;;;;;;;
Morocco;MAR;Government expenditure on education, total (% of GDP);SE.XPD.TOTL.GD.ZS;;;;;;;;;4,853390217;4,831190109;;;5,552999973;;5,482999802;5,132999897;5,085000038;4,736000061;4,960000038;5,002999783;6,284999847;5,600999832;5,768000126
Monaco;MCO;Government expenditure on education, total (% of GDP);SE.XPD.TOTL.GD.ZS;1,255360007;;;;1,243860006;;;;;1,354590058;1,31735003;1,589890003;1,780040026;1,334400058;1,021950006;;1,370929956;1,457929969;;1,158900023;;1,423730016;
Moldova;MDA;Government expenditure on education, total (% of GDP);SE.XPD.TOTL.GD.ZS;4,486390114;4,846849918;5,497910023;5,424890041;6,771039963;7,162700176;7,498990059;8,293370247;8,237270355;9,509759903;7,592299938;7,136380196;6,983389854;5,909999847;6,338069916;5,805686951;5,67208004;5,710169792;5,538879871;6,225769997;6,601260185;5,824059963;6,147570133
Madagascar;MDG;Government expenditure on education, total (% of GDP);SE.XPD.TOTL.GD.ZS;2,438689947;2,70720005;2,231790066;2,610949993;2,812619925;3,309639931;2,830970049;2,902740002;2,554339886;2,825129986;2,585000038;2,381680012;2,340670109;1,776939988;2,381230116;2,210119963;2,687190056;2,700999975;2,844099998;3,013000011;3,253999949;3,197999954;3,138999939
Maldives;MDV;Government expenditure on education, total (% of GDP);SE.XPD.TOTL.GD.ZS;;;5,791860104;5,324069977;4,661600113;5,016839981;4,64523983;4,417880058;4,470290184;5,081689835;3,633280039;3,080729961;4,967999935;3,954999924;3,890000105;4,644999981;4,46999979;3,872999907;3,931999922;4,209000111;5,795000076;4,485000134;4,580999851
Middle East & North Africa;MEA;Government expenditure on education, total (% of GDP);SE.XPD.TOTL.GD.ZS;;6,193160057;;;5,371479988;4,794429779;4,717202902;;4,466135025;4,509464979;;;4,742109776;;;;;3,733449936;;3,558979988;;;
Mexico;MEX;Government expenditure on education, total (% of GDP);SE.XPD.TOTL.GD.ZS;3,992439985;4,24104023;4,454959869;5,072579861;4,726709843;4,845689774;4,699920177;4,690509796;4,82006979;5,187940121;5,159220219;5,105649948;5,103099823;4,696050167;5,257470131;5,229420185;4,90681982;4,518219948;4,254220009;;4,625720024;;
Marshall Islands;MHL;Government expenditure on education, total (% of GDP);SE.XPD.TOTL.GD.ZS;;;8,208979607;11,81980038;;;;;;;;;;;;;;;;9,916480064;;;6,977570057
Middle income;MIC;Government expenditure on education, total (% of GDP);SE.XPD.TOTL.GD.ZS;3,509799957;3,605900049;3,271494985;3,574229956;3,447700024;3,815969944;3,843819976;3,603149891;3,958519936;4,274290085;3,857969999;3,842619896;3,981015086;4,090378046;4,013879776;4,096709967;3,949010015;4,023135066;3,864000082;3,737214923;4,210999966;3,691380024;3,519720078
North Macedonia;MKD;Government expenditure on education, total (% of GDP);SE.XPD.TOTL.GD.ZS;;;3,300149918;;;;;;;;;;;;;;;;;;;;
Mali;MLI;Government expenditure on education, total (% of GDP);SE.XPD.TOTL.GD.ZS;2,971560001;2,658449888;2,896229982;3,805599928;3,859220028;3,52218008;;;3,403559923;3,869040012;3,343889952;3,754230022;3,479490042;3,284650087;3,648190022;3,801520109;3,094779968;3,789769888;3,55817008;3,555049896;3,954459906;4,363709927;4,034999847
Malta;MLT;Government expenditure on education, total (% of GDP);SE.XPD.TOTL.GD.ZS;;;3,946160078;;4,42151022;5,385760307;5,445138454;5,947470188;5,501229763;5,070429802;6,250050068;7,696129799;6,345429897;7,5792799;7,004209995;5,023980141;5,10766983;4,559179783;4,923611164;4,937389851;5,644871235;5,403801441;
Myanmar;MMR;Government expenditure on education, total (% of GDP);SE.XPD.TOTL.GD.ZS;;;;;;;;;;;;0,850319982;1,586428761;1,84381175;2,011998415;2,245604277;2,158088446;2,32633996;2,157480001;2,139869928;;;
Middle East & North Africa (excluding high income);MNA;Government expenditure on education, total (% of GDP);SE.XPD.TOTL.GD.ZS;;;;;;;4,717202902;4,730759859;4,466135025;4,831190109;4,050701737;;5,103449821;;;4,663219929;3,922260046;3,733449936;;;;;
Montenegro;MNE;Government expenditure on education, total (% of GDP);SE.XPD.TOTL.GD.ZS;;;;;;;;;;;;;;;;;;;;;;;
Mongolia;MNG;Government expenditure on education, total (% of GDP);SE.XPD.TOTL.GD.ZS;5,550370216;;7,210780144;;4,325729847;;;4,690130234;;5,144849777;4,645100117;4,60902977;5,961999893;5,241000175;5,427999973;4,387000084;5,199999809;4,31799984;3,996999979;3,65199995;4,663000107;3,344000101;4,257999897
Northern Mariana Islands;MNP;Government expenditure on education, total (% of GDP);SE.XPD.TOTL.GD.ZS;;;;;;;;;;;;;;;;;;;;;;;
Mozambique;MOZ;Government expenditure on education, total (% of GDP);SE.XPD.TOTL.GD.ZS;;;;;3,326699972;4,00578022;3,871469975;;;;5,390999794;5,622000217;5,672160149;6,115330219;6,493999958;6,011000156;5,865039825;5,505559921;5,452189922;6,285999775;6,643000126;7,027999878;
Mauritania;MRT;Government expenditure on education, total (% of GDP);SE.XPD.TOTL.GD.ZS;;2,106839895;2,277149916;2,365010023;1,950799942;;1,958510041;;;;;2,331020117;2,158210039;2,293540001;2,558000088;2,829999924;1,944059968;;;1,784450054;1,771610022;1,745530009;2,288000107
Mauritius;MUS;Government expenditure on education, total (% of GDP);SE.XPD.TOTL.GD.ZS;3,769109964;3,114860058;3,060899973;4,415830135;4,31306982;4,078199863;3,697510004;3,185400009;3,063070059;3,047310114;3,551470041;3,332070112;3,418200016;3,567759991;4,815149784;4,758470058;4,882070065;4,87887001;4,674479961;4,541950226;4,35243988;4,674409866;4,844200134
Malawi;MWI;Government expenditure on education, total (% of GDP);SE.XPD.TOTL.GD.ZS;3,606129885;3,098340034;;2,209640026;;;;;;;2,432369947;2,853460073;2,529000044;3,721709967;3,325690031;3,853980064;3,282579899;2,76899004;3,3229599;;;;
Malaysia;MYS;Government expenditure on education, total (% of GDP);SE.XPD.TOTL.GD.ZS;5,971610069;7,484469891;7,657929897;7,502880096;5,923890114;;4,485760212;4,372539997;3,958519936;5,974180222;4,966450214;5,76293993;5,739029884;5,481200218;5,028999805;4,703999996;4,346000195;4,184999943;4,131999969;3,980000019;4,519999981;4,270999908;3,506000042
North America;NAC;Government expenditure on education, total (% of GDP);SE.XPD.TOTL.GD.ZS;5,423319817;4,953030109;4,993080139;;;5,468431711;6,164029121;5,503204823;5,533060074;5,790289879;6,023185015;5,881025076;5,471293688;5,3995049;5,471794844;4,843080044;4,811540127;5,04142499;4,90893507;4,880105019;5,161695004;5,092003107;4,789785862
Namibia;NAM;Government expenditure on education, total (% of GDP);SE.XPD.TOTL.GD.ZS;6,901780128;6,888869762;6,742330074;6,137139797;;;6,031710148;;6,403429985;;8,243300438;8,020999908;9,083999634;8,595000267;8,994000435;9,531000137;10,31499958;9,708999634;9,621999741;9,322999954;9,277999878;10,02799988;9,67800045
New Caledonia;NCL;Government expenditure on education, total (% of GDP);SE.XPD.TOTL.GD.ZS;;;;;;;;;;;;;;;;;;;;;;;
Niger;NER;Government expenditure on education, total (% of GDP);SE.XPD.TOTL.GD.ZS;2,565020084;2,279819965;2,401340008;1,937059999;;;2,558520079;3,014620066;2,723119974;3,335880041;2,721950054;3,077620029;3,18682003;3,689529896;5,103680134;4,486690044;2,958430052;2,578180075;3,457279921;3,526000023;3,819000006;3,822000027;4,100999832
Nigeria;NGA;Government expenditure on education, total (% of GDP);SE.XPD.TOTL.GD.ZS;;;;;;;;;;;;;;;;;;;;;;;
Nicaragua;NIC;Government expenditure on education, total (% of GDP);SE.XPD.TOTL.GD.ZS;3,001600027;;2,391010046;2,422009945;;;;;;;4,484220028;;;;4,0832901;4,078420162;4,081150055;4,357689857;4,473999977;4,599999905;4,581999779;4,086999893;
Netherlands;NLD;Government expenditure on education, total (% of GDP);SE.XPD.TOTL.GD.ZS;4,585120201;4,699649811;4,805900097;5,040420055;5,062970161;5,109399796;5,044020176;4,886829853;5,029049873;5,43156004;5,489089966;5,463039875;5,410220146;5,52655983;5,458899975;5,34815979;5,479599953;5,17509985;5,357649803;5,159860134;5,423810005;5,050000191;
Norway;NOR;Government expenditure on education, total (% of GDP);SE.XPD.TOTL.GD.ZS;6,459340096;6,820159912;7,422460079;7,399330139;7,277440071;6,840829849;6,3582201;6,506710052;6,249159813;7,070670128;6,710420132;6,41490984;7,327660084;7,439060211;7,644030094;7,523349762;7,984449863;7,845980167;7,595630169;7,864560127;8,372819901;4,960000038;3,970000029
Nepal;NPL;Government expenditure on education, total (% of GDP);SE.XPD.TOTL.GD.ZS;2,975150108;3,708379984;3,152839899;3,11435008;3,171940088;3,364639997;3,605360031;3,517210007;3,805170059;4,663760185;3,631720066;3,842619896;3,529000044;3,203000069;3,486000061;3,29399991;3,476999998;3,529000044;3,664000034;3,486000061;4,210999966;3,95600009;3,648999929
Nauru;NRU;Government expenditure on education, total (% of GDP);SE.XPD.TOTL.GD.ZS;;;;;;;;4,246150017;;;;;;;5,736999989;6,714000225;6,669000149;6,789000034;5,888999939;6,223999977;6,482999802;6,519999981;8,326000214
New Zealand;NZL;Government expenditure on education, total (% of GDP);SE.XPD.TOTL.GD.ZS;;;;;;;;;;6,543338299;6,597412586;6,551252842;6,530853271;5,888659954;6,073757172;5,708620071;5,507349968;5,2802701;5,192100048;5,172029972;5,65489006;5,540569782;5,505678654
OECD members;OED;Government expenditure on education, total (% of GDP);SE.XPD.TOTL.GD.ZS;4,666950226;4,931009769;5,164625168;5,114180088;4,890629768;5,000399828;4,874439955;4,702960014;4,886970043;5,282895088;5,384429932;5,109539986;4,949409962;5,125165224;5,045284986;4,971185207;4,87302494;4,96064496;4,929490089;4,987279892;5,339079857;5,050000191;
Oman;OMN;Government expenditure on education, total (% of GDP);SE.XPD.TOTL.GD.ZS;3,200239897;4,020319939;4,325069904;3,896990061;4,02835989;3,517210007;3,859339952;;;4,187739849;;;;4,353839874;;;;5,995940208;4,585659981;5,063630104;6,877699852;;4,19907999
Other small states;OSS;Government expenditure on education, total (% of GDP);SE.XPD.TOTL.GD.ZS;5,339459896;5,033349991;4,937739849;5,816770077;5,139179945;6,286670208;6,031710148;;5,943734884;6,21570015;5,028724909;5,014490128;4,717720032;4,843880177;5,618129969;5,249594927;5,295819998;4,961319923;4,953176498;4,877460003;4,856220007;4,980705023;
Pakistan;PAK;Government expenditure on education, total (% of GDP);SE.XPD.TOTL.GD.ZS;1,837820053;;;;1,767590046;2,049720049;2,395509958;2,635270119;2,746229887;2,59078002;2,286870003;2,221750021;2,13628006;2,493439913;2,465929985;2,650019884;2,417000055;2,137000084;2,332000017;2,214999914;2,056999922;1,687000036;
Panama;PAN;Government expenditure on education, total (% of GDP);SE.XPD.TOTL.GD.ZS;4,759689808;4,105879784;4,1916399;4,168700218;3,578660011;;;;3,50229001;;;3,159009933;;;2,816999912;3,029000044;3,078000069;2,976999998;2,911999941;3,092999935;3,621999979;3,269000053;3,887000084
Peru;PER;Government expenditure on education, total (% of GDP);SE.XPD.TOTL.GD.ZS;3,228029966;3,037120104;2,820569992;2,937799931;2,957870007;2,839030027;2,652810097;2,629400015;2,867749929;3,139940023;2,867300034;2,663500071;2,92276001;3,297290087;3,695990086;3,969330072;3,813169956;3,931309938;3,713920116;3,822429895;4,248040199;3,973500013;3,894099951
Philippines;PHL;Government expenditure on education, total (% of GDP);SE.XPD.TOTL.GD.ZS;3,164400101;2,92463994;2,89222002;2,935179949;2,469830036;2,328069925;2,425790071;2,485179901;2,582829952;2,537770033;;;;;2,934000015;3,519000053;3,03399992;3,970999956;3,864000082;3,355999947;3,877000093;3,881000042;3,579999924
Palau;PLW;Government expenditure on education, total (% of GDP);SE.XPD.TOTL.GD.ZS;8,017979622;7,70720005;7,521989822;;;;;;;;;;;;;;;;;;;;
Papua New Guinea;PNG;Government expenditure on education, total (% of GDP);SE.XPD.TOTL.GD.ZS;;;;;;;;;;;;;;;;;;1,964930058;1,874830008;;;;
Poland;POL;Government expenditure on education, total (% of GDP);SE.XPD.TOTL.GD.ZS;4,983930111;5,319029808;5,387350082;5,32449007;5,355579853;5,425749779;5,207650185;4,868740082;5,042399883;4,989769936;5,107059956;4,861020088;4,861599922;5,021240234;4,966569901;4,817009926;4,659110069;4,574649811;4,605060101;4,67881012;4,852650166;4,920000076;
Pre-demographic dividend;PRE;Government expenditure on education, total (% of GDP);SE.XPD.TOTL.GD.ZS;2,514185071;2,471509933;2,593869925;;2,803959966;2,656680107;2,560960054;;2,554339886;3,004635096;3,246510029;2,971690059;2,98179996;3,306080103;3,172749996;3,255800009;2,934885025;3,63261497;3,267304897;3,440670013;3,457000017;3,11500001;3,138999939
Puerto Rico;PRI;Government expenditure on education, total (% of GDP);SE.XPD.TOTL.GD.ZS;;;;;;;;;;;;;;6,481080055;6,072659969;;;;;;;;
Korea, Dem. People's Rep.;PRK;Government expenditure on education, total (% of GDP);SE.XPD.TOTL.GD.ZS;;;;;;;;;;;;;;;;;;;;;;;
Portugal;PRT;Government expenditure on education, total (% of GDP);SE.XPD.TOTL.GD.ZS;5,163849831;5,33713007;5,258719921;5,281529903;5,046380043;5,073949814;4,907670021;4,921470165;4,696090221;5,563149929;5,412489891;5,123330116;4,949409962;5,270969868;5,124000072;4,885540009;4,769999981;5,015610218;4,675159931;4,630020142;4,876560211;4,610000134;
Paraguay;PRY;Government expenditure on education, total (% of GDP);SE.XPD.TOTL.GD.ZS;4,230209827;3,833570004;3,407730103;3,382760048;2,869899988;;;2,739510059;;;2,770720005;3,692820072;3,668790102;2,678999901;2,596999884;3,334000111;3,434979916;3,09100008;3,296000004;3,49000001;3,936150074;3,410700083;3,414969921
West Bank and Gaza;PSE;Government expenditure on education, total (% of GDP);SE.XPD.TOTL.GD.ZS;;;;;;;;;;;6,191679955;5,335279942;4,742109776;4,89467001;;4,663219929;4,982960224;4,721539974;;;;5,434420109;
Pacific island small states;PSS;Government expenditure on education, total (% of GDP);SE.XPD.TOTL.GD.ZS;;;;;;;;;;;;;;;;;;;;;;;
Post-demographic dividend;PST;Government expenditure on education, total (% of GDP);SE.XPD.TOTL.GD.ZS;4,868400097;4,822189808;5,085945129;5,114180088;5,093365192;5,097059965;5,006971359;4,886829853;4,839900017;5,070169926;5,384429932;5,113430023;4,954524994;5,119255066;5,14427495;4,957932711;4,921387196;4,959969997;4,930089951;4,983384848;5,291639805;5,050000191;
French Polynesia;PYF;Government expenditure on education, total (% of GDP);SE.XPD.TOTL.GD.ZS;;;;;;;;;;;;;;;;;;;;;;;
Qatar;QAT;Government expenditure on education, total (% of GDP);SE.XPD.TOTL.GD.ZS;3,725980043;3,200190067;3,846560001;3,373939991;3,462589979;3,971879959;;;4,22755003;3,413150072;4,539659977;4,012239933;3,50744009;4,073840141;3,605350018;;;2,967459917;;2,803780079;3,233669996;;
Romania;ROU;Government expenditure on education, total (% of GDP);SE.XPD.TOTL.GD.ZS;2,868629932;3,266289949;3,504129887;3,543970108;3,312730074;3,500390053;4,306509972;4,149539948;4,097199917;4,002130032;3,417170048;2,913759947;2,823220015;3,068000078;3,125080109;3,106950045;3,025599957;3,118200064;3,319180012;3,566950083;3,589260101;3,253051758;
Russian Federation;RUS;Government expenditure on education, total (% of GDP);SE.XPD.TOTL.GD.ZS;2,93979001;3,106019974;3,835020065;3,678539991;3,547869921;3,771929979;3,866260052;;4,101749897;4,470641613;3,847624302;3,768173695;3,793100119;3,763829947;4,013879776;3,834029913;3,760440111;4,689909935;4,678199768;3,509325504;3,701467514;;
Rwanda;RWA;Government expenditure on education, total (% of GDP);SE.XPD.TOTL.GD.ZS;3,434309959;4,825150013;;;;;;3,985140085;3,502190113;;4,631309986;4,383500099;4,421030045;4,742139816;4,196390152;3,647089958;3,434789896;3,124720097;3,073750019;3,239000082;3,334000111;5,590650082;4,752240181
South Asia;SAS;Government expenditure on education, total (% of GDP);SE.XPD.TOTL.GD.ZS;2,550115108;;;3,11435008;2,556040049;3,188750029;3,142849922;3,076240063;3,275699973;2,934514999;3,377690077;2,841879964;2,370239973;2,848219991;2,975965023;2,952909946;3,353145003;3,061084986;2,332000017;2,850499988;2,056999922;1,83099997;1,97300005
Saudi Arabia;SAU;Government expenditure on education, total (% of GDP);SE.XPD.TOTL.GD.ZS;5,909830093;7,718870163;7,636889935;7,105090141;6,277460098;5,430920124;5,891170025;;5,13781023;;;;;;;;;;;;;;
Sudan;SDN;Government expenditure on education, total (% of GDP);SE.XPD.TOTL.GD.ZS;1,012179971;;1,164250016;;1,312549949;1,178429961;1,553539991;;1,851500034;2,022130013;;;;;;;;;;;;;
Senegal;SEN;Government expenditure on education, total (% of GDP);SE.XPD.TOTL.GD.ZS;2,463350058;2,471509933;2,594419956;2,751250029;3,077780008;4,064430237;3,8213799;;4,025680065;4,920730114;5,217740059;4,903029919;4,776989937;5,686560154;5,720210075;5,45637989;5,113090038;4,624969959;4,8582201;5,448999882;5,68900013;5,589000225;5,640999794
Singapore;SGP;Government expenditure on education, total (% of GDP);SE.XPD.TOTL.GD.ZS;3,32130003;3,542490005;3,878530025;3,981940031;3,652760029;3,195960045;2,859119892;2,946749926;2,764600039;3,010129929;3,080440044;3,030770063;3,070859909;2,85435009;2,924366713;2,863093376;2,8732059;2,757536888;2,856470108;2,729680061;2,687449932;2,833600044;2,388999939
Solomon Islands;SLB;Government expenditure on education, total (% of GDP);SE.XPD.TOTL.GD.ZS;;;;;;;;7,333270073;6,895150185;6,65858984;7,47837019;;;;;;;;;;;;
Sierra Leone;SLE;Government expenditure on education, total (% of GDP);SE.XPD.TOTL.GD.ZS;4,949369907;3,48251009;3,594340086;3,299000025;3,146929979;2,837270021;;2,596780062;2,465889931;2,818209887;2,588510036;2,678250074;2,881599903;2,379810095;2,662909985;3,217999935;2,911339998;4,660860062;6,989630222;7,44701004;8,809550285;9,442239761;8,806349754
El Salvador;SLV;Government expenditure on education, total (% of GDP);SE.XPD.TOTL.GD.ZS;2,838680029;;3,242840052;3,134670019;;3,177850008;3,492980003;3,60984993;4,458109856;4,659500122;4,048079967;3,89854002;3,712440014;3,801490068;3,824160099;3,909879923;3,825239897;3,725229979;3,605750084;3,387109995;3,659579992;3,528079987;4,531000137
San Marino;SMR;Government expenditure on education, total (% of GDP);SE.XPD.TOTL.GD.ZS;;;;;;;;;;;2,62883997;2,702960014;;3,26699996;3,194000006;3,118999958;3,02699995;3,369970083;3,555160046;3,379699945;3,424619913;3,108920097;
Somalia;SOM;Government expenditure on education, total (% of GDP);SE.XPD.TOTL.GD.ZS;;;;;;;;;;;;;;;;;;0,127174035;0,234450966;0,270661741;;;
Serbia;SRB;Government expenditure on education, total (% of GDP);SE.XPD.TOTL.GD.ZS;;;;;;;;4,209839821;4,280944347;4,483980179;3,900932074;4,238359928;3,847684383;;;;3,63470006;3,710160017;3,582319975;3,616470098;;3,299659967;
Sub-Saharan Africa (excluding high income);SSA;Government expenditure on education, total (% of GDP);SE.XPD.TOTL.GD.ZS;2,646094918;2,903909922;2,896229982;;3,077780008;3,309639931;2,920444965;;3,063070059;3,131605029;3,379944921;3,286035061;3,472759962;3,689529896;3,384880066;3,714699984;3,434789896;3,736540079;3,507725;3,54052496;3,819000006;3,41899991;3,378859997
South Sudan;SSD;Government expenditure on education, total (% of GDP);SE.XPD.TOTL.GD.ZS;;;;;;;;;;;;0,962890029;;1,024500012;1,232460022;1,465559959;;;;;;;
Sub-Saharan Africa;SSF;Government expenditure on education, total (% of GDP);SE.XPD.TOTL.GD.ZS;2,646094918;2,903909922;2,896229982;;3,077780008;3,309639931;2,920444965;;3,063070059;3,131605029;3,379944921;3,286035061;3,472759962;3,689529896;3,384880066;3,714699984;3,434789896;3,736540079;3,507725;3,54052496;3,819000006;3,41899991;3,378859997
Small states;SST;Government expenditure on education, total (% of GDP);SE.XPD.TOTL.GD.ZS;4,983469963;5,033349991;4,908049822;5,273099899;4,876749992;5,54847002;6,031710148;;6,191319942;6,198480129;5,028724909;5,014490128;4,717720032;4,843880177;5,415504932;5,249594927;5,236124992;4,961319923;4,953176498;4,852795124;4,856220007;4,980705023;4,844200134
Sao Tome and Principe;STP;Government expenditure on education, total (% of GDP);SE.XPD.TOTL.GD.ZS;;;2,720580101;3,246929884;3,234709978;4,856450081;4,271180153;6,286829948;5,554490089;10,67790031;9,651470184;;6,339509964;5,939690113;3,749059916;3,864599943;5,173039913;5,036369801;5,235109806;5,899000168;5,014999866;5,515999794;5,156000137
Suriname;SUR;Government expenditure on education, total (% of GDP);SE.XPD.TOTL.GD.ZS;;;;;;;;;;;;;;;;5,518000126;5,640999794;5,459000111;4,922999859;;5,320000172;3,805999994;
Slovak Republic;SVK;Government expenditure on education, total (% of GDP);SE.XPD.TOTL.GD.ZS;3,864680052;3,93569994;4,245399952;4,209569931;4,101570129;3,759959936;3,707700014;3,523210049;3,521650076;4,006410122;4,044799805;3,898360014;3,859009981;4,068950176;4,215899944;4,578430176;3,900789976;3,932209969;3,952909946;4,273190022;4,764679909;4,260000229;
Slovenia;SVN;Government expenditure on education, total (% of GDP);SE.XPD.TOTL.GD.ZS;;5,756830215;5,672860146;5,70333004;5,64425993;5,6040802;5,590660095;5,11661005;5,109519958;5,554969788;5,545460224;5,541259766;5,620230198;5,405729771;5,291699886;4,909530163;4,792669773;4,780539989;4,934559822;4,896490097;5,386519909;5,659999847;
Sweden;SWE;Government expenditure on education, total (% of GDP);SE.XPD.TOTL.GD.ZS;6,740149975;6,617640018;6,924349785;6,791429996;6,663109779;6,506400108;6,364290237;6,171589851;6,344550133;6,749710083;6,522689819;6,366919994;7,536970139;7,611209869;7,573729992;7,443900108;7,618619919;7,568830013;7,640840054;7,638510227;7,925610065;6,650000095;
Eswatini;SWZ;Government expenditure on education, total (% of GDP);SE.XPD.TOTL.GD.ZS;5,508480072;4,838240147;4,440869808;5,816770077;5,401609898;6,484620094;6,554759979;;6,618120193;6,471350193;6,118370056;6,864329815;5,592999935;5,085000038;7,070590019;5,355000019;5,434000015;6,177999973;5,736999989;5,698999882;5,360000134;5,287000179;5,69299984
Sint Maarten (Dutch part);SXM;Government expenditure on education, total (% of GDP);SE.XPD.TOTL.GD.ZS;;;;;;;;;;;;;;;;;;;;;;;
Seychelles;SYC;Government expenditure on education, total (% of GDP);SE.XPD.TOTL.GD.ZS;;;4,881090164;5,05177021;;;4,483310223;4,06658268;;;3,548263311;3,628819942;2,541049957;3,616770029;3,952470064;5,059329987;4,323289871;4,235000134;4,039000034;4,051000118;4,890999794;5,624000072;4,739999771
Syrian Arab Republic;SYR;Government expenditure on education, total (% of GDP);SE.XPD.TOTL.GD.ZS;;4,54640007;5,269849777;6,480840206;5,371479988;;5,279650211;4,864709854;4,59525013;5,130139828;;;;;;;;;;;;;
Turks and Caicos Islands;TCA;Government expenditure on education, total (% of GDP);SE.XPD.TOTL.GD.ZS;4,718830109;4,843009949;5,069139957;4,728779793;;2,540999889;;;;;;3,359999895;2,696000099;2,936000109;2,943000078;3,093250036;2,980000019;2,78399992;2,743769884;2,505089998;2,924999952;3,255630016;3,285769939
Chad;TCD;Government expenditure on education, total (% of GDP);SE.XPD.TOTL.GD.ZS;2,646709919;2,42614007;;;1,592949986;1,694769979;;;;2,311739922;1,981940031;2,2579;2,206150055;2,850709915;2,319999933;2,342999935;2,388000011;2,454819918;2,259000063;2,371999979;2,74000001;2,88812995;2,539000034
East Asia & Pacific (IDA & IBRD countries);TEA;Government expenditure on education, total (% of GDP);SE.XPD.TOTL.GD.ZS;4,208930016;2,69233501;2,89222002;;2,748470068;;;3,061334968;3,570144176;3,806730986;3,754642487;3,651097536;3,770499945;3,76699996;3,539999962;3,583600044;3,569971323;3,441999912;3,246685028;3,085000038;3,531387448;3,016260028;3,098193765
Europe & Central Asia (IDA & IBRD countries);TEC;Government expenditure on education, total (% of GDP);SE.XPD.TOTL.GD.ZS;3,430170059;3,421469927;3,386080027;3,678539991;3,447700024;3,771929979;3,903460026;3,977319956;4,101749897;4,321614981;3,857969999;4,030380011;3,901686192;4,201519966;4,241316557;4,322199821;4,294914961;4,199480057;4,172664881;3,954370022;4,440210104;4,386000156;4,69618535
Togo;TGO;Government expenditure on education, total (% of GDP);SE.XPD.TOTL.GD.ZS;2,885299921;2,772079945;2,56633997;2,447590113;2,288310051;2,325210094;2,527740002;2,583389997;2,417579889;2,846290112;3,014410019;3,171119928;3,472759962;3,255259991;3,52083993;3,759310007;3,686490059;3,760529995;4,09168005;4,202000141;4,09100008;4,230999947;3,798000097
Thailand;THA;Government expenditure on education, total (% of GDP);SE.XPD.TOTL.GD.ZS;5,25345993;4,81787014;3,864919901;3,725610018;4,030889988;3,93859005;4,05038023;3,603149891;3,508500099;3,861939907;3,508440018;4,805550098;3,596999884;3,823999882;3,91899991;3,864000082;3,767999887;3,464999914;3,197999954;3,022000074;3,153000116;2,986000061;2,612999916
Tajikistan;TJK;Government expenditure on education, total (% of GDP);SE.XPD.TOTL.GD.ZS;2,328710079;2,376590014;2,775789976;2,420789957;2,772030115;3,512130022;3,40350008;3,413269997;3,459830046;4,098309994;4,006750107;3,935110092;4,018030167;;;4,967740059;5,730999947;5,545000076;5,385000229;5,56799984;5,960999966;6,154901981;5,447000027
Turkmenistan;TKM;Government expenditure on education, total (% of GDP);SE.XPD.TOTL.GD.ZS;;;;;;;;;;;;;3,049249887;;;;;;;3,192009926;3,779779911;;
Latin America & the Caribbean (IDA & IBRD countries);TLA;Government expenditure on education, total (% of GDP);SE.XPD.TOTL.GD.ZS;3,634140015;3,839125037;3,750370026;3,458904982;3,578660011;;3,792889953;3,855165124;4,639089823;5,325745106;4,507430077;4,307725191;4,643070221;4,696050167;4,448405027;4,461694956;4,363600016;4,468044996;4,461549997;4,510690212;4,562534809;3,946750045;3,894099951
Timor-Leste;TLS;Government expenditure on education, total (% of GDP);SE.XPD.TOTL.GD.ZS;;;;;;;;;8,670570374;12,90345955;11,10760975;10,1947298;7,166999817;5,681000233;7,659999847;6,295000076;6,019000053;5,209000111;4,881000042;4,177000046;3,660000086;2,973999977;
Middle East & North Africa (IDA & IBRD countries);TMN;Government expenditure on education, total (% of GDP);SE.XPD.TOTL.GD.ZS;;;;;;;4,717202902;4,730759859;4,466135025;4,831190109;;;5,464789867;;;4,531924009;3,687540054;3,596509933;3,685610056;;;;
Tonga;TON;Government expenditure on education, total (% of GDP);SE.XPD.TOTL.GD.ZS;4,878079891;4,477560043;3,795000076;4,159510136;3,91376996;;;;;;;;;;;;;5,059000015;4,968999863;5,272999763;4,861000061;4,927000046;5,645999908
South Asia (IDA & IBRD);TSA;Government expenditure on education, total (% of GDP);SE.XPD.TOTL.GD.ZS;2,550115108;;;3,11435008;2,556040049;3,188750029;3,142849922;3,076240063;3,275699973;2,934514999;3,377690077;2,841879964;2,370239973;2,848219991;2,975965023;2,952909946;3,353145003;3,061084986;2,332000017;2,850499988;2,056999922;1,83099997;1,97300005
Sub-Saharan Africa (IDA & IBRD countries);TSS;Government expenditure on education, total (% of GDP);SE.XPD.TOTL.GD.ZS;2,646094918;2,903909922;2,896229982;;3,077780008;3,309639931;2,920444965;;3,063070059;3,131605029;3,379944921;3,286035061;3,472759962;3,689529896;3,384880066;3,714699984;3,434789896;3,736540079;3,507725;3,54052496;3,819000006;3,41899991;3,378859997
Trinidad and Tobago;TTO;Government expenditure on education, total (% of GDP);SE.XPD.TOTL.GD.ZS;2,755650043;3,065289974;3,543009996;3,136600018;;;;;;;4,211999893;3,851000071;3,681999922;3,773000002;3,615999937;4,453000069;4,171999931;3,529999971;3,640000105;3,542999983;4,206779957;3,008780003;2,880000114
Tunisia;TUN;Government expenditure on education, total (% of GDP);SE.XPD.TOTL.GD.ZS;6,201960087;6,201849937;5,790060043;6,81675005;6,720789909;6,451570034;6,438799858;6,464519978;6,271570206;6,528480053;5,963069916;;5,950860023;;;6,220449924;;;;;;;
Turkiye;TUR;Government expenditure on education, total (% of GDP);SE.XPD.TOTL.GD.ZS;;;;;;;;;3,320557833;3,765049696;3,787013531;4,221519947;4,387219906;4,344810009;4,412580013;4,322199821;4,627739906;4,323689938;4,300039768;4,454030037;4,008609772;2,845283031;2,615209818
Tuvalu;TUV;Government expenditure on education, total (% of GDP);SE.XPD.TOTL.GD.ZS;;;;;;;;;;;;;;;;;;;;;;;
Tanzania;TZA;Government expenditure on education, total (% of GDP);SE.XPD.TOTL.GD.ZS;;;;;3,561229944;3,546250105;3,009919882;4,033420086;4,185910225;3,960760117;4,541699886;4,578000069;4,230000019;4,638000011;3,384880066;4,195000172;4,102000237;4,430510044;3,6995399;3,596999884;3,230999947;3,11500001;3,237999916
Uganda;UGA;Government expenditure on education, total (% of GDP);SE.XPD.TOTL.GD.ZS;2,461669922;;;;4,952370167;;;;;;1,727399945;2,298909903;1,797469974;1,871140003;1,914720058;2,32152009;2,1378901;2,253639936;2,130520105;2,308000088;2,572000027;2,635999918;2,561000109
Ukraine;UKR;Government expenditure on education, total (% of GDP);SE.XPD.TOTL.GD.ZS;4,022930145;4,525680065;5,240069866;5,400189877;5,123760223;5,848199844;5,979459763;5,902440071;6,152420044;7,050749779;7,397084713;5,937709808;6,442699909;6,41989994;5,874939919;5,743000031;5,00977993;5,417079926;5,319920063;5,441299915;5,382319927;5,741000175;5,933899879
Upper middle income;UMC;Government expenditure on education, total (% of GDP);SE.XPD.TOTL.GD.ZS;3,901460052;3,833570004;3,579050064;3,725610018;3,912549973;3,979789972;3,916719913;3,645094991;4,030134916;4,470641613;3,879451036;4,221519947;3,922843099;4,058229923;4,241316557;4,322199821;4,154045105;4,184999943;4,088644981;3,980000019;4,342244864;3,833500028;3,64703989
Uruguay;URY;Government expenditure on education, total (% of GDP);SE.XPD.TOTL.GD.ZS;2,422549963;2,800960064;2,32220006;2,068209887;2,499540091;2,714750051;2,8566401;;;;;4,149370193;4,093999863;4,238920212;4,267350197;4,206369877;4,364200115;4,417870045;4,613599777;4,641300201;4,543069839;4,413340092;4,369999886
United States;USA;Government expenditure on education, total (% of GDP);SE.XPD.TOTL.GD.ZS;;;;;;6,170983315;6,164029121;6,239999771;6,440000057;6,739999771;6,690000057;6,5;6,25;6,210000038;6,099999905;4,946780205;4,806660175;5,122879982;4,928890228;4,987279892;5,435440063;5,590000153;5,440000057
Uzbekistan;UZB;Government expenditure on education, total (% of GDP);SE.XPD.TOTL.GD.ZS;;;;;;;;;;;;5,818760872;6,026915073;5,741909981;5,713230133;5,494999886;5,414999962;5,032999992;4,835999966;6,295000076;4,947999954;5,368000031;5,28399992
St. Vincent and the Grenadines;VCT;Government expenditure on education, total (% of GDP);SE.XPD.TOTL.GD.ZS;7,327879906;;7,388020039;8,174889565;;6,030829906;;5,439370155;;5,376110077;4,808390141;;;;;4,955999851;5,452660084;5,379759789;5,223589897;;5,464000225;;
Venezuela, RB;VEN;Government expenditure on education, total (% of GDP);SE.XPD.TOTL.GD.ZS;;;;;;;3,669059992;3,627320051;;6,874680042;;;;;;;;;;;;;
British Virgin Islands;VGB;Government expenditure on education, total (% of GDP);SE.XPD.TOTL.GD.ZS;;2,904769897;;;;3,046329975;3,514800072;3,043669939;;3,241650105;3,49770999;;3,565999985;4,468999863;4,018000126;4,71405983;3,260999918;2,462599993;2,434390068;2,630959988;2,590500116;2,869999886;
Virgin Islands (U.S.);VIR;Government expenditure on education, total (% of GDP);SE.XPD.TOTL.GD.ZS;;;;;;;;;;;;;;;;;;;;;;;
Viet Nam;VNM;Government expenditure on education, total (% of GDP);SE.XPD.TOTL.GD.ZS;;;;;;;;;4,886740208;4,816500187;4,045939922;3,780230045;4,408170223;4,528339863;3,539999962;3,417000055;3,469069958;3,41899991;3,295370102;3,085000038;3,217000008;2,947999954;2,898000002
Vanuatu;VUT;Government expenditure on education, total (% of GDP);SE.XPD.TOTL.GD.ZS;7,003630161;8,95114994;8,131979942;8,441510201;;;;;5,951509953;5,160510063;;;;;5,181950092;5,603380203;;4,533430099;;1,774070024;2,173589945;;
World;WLD;Government expenditure on education, total (% of GDP);SE.XPD.TOTL.GD.ZS;3,798099995;3,93569994;3,878530025;4,117280006;3,943514943;4,078199863;4,156515121;4,10503006;4,311919928;4,523719788;4,334119797;4,238359928;4,370389938;4,353839874;4,301509857;4,354599953;4,241219997;4,255760193;4,155745029;4,136135101;4,446000099;4,230999947;3,729120016
Samoa;WSM;Government expenditure on education, total (% of GDP);SE.XPD.TOTL.GD.ZS;3,630959988;3,976520061;3,939320087;;;;;;5,116590023;;;;;4,614999771;5,217000008;4,614999771;4,349999905;3,961999893;4,261000156;4,395999908;4,480999947;;
Kosovo;XKX;Government expenditure on education, total (% of GDP);SE.XPD.TOTL.GD.ZS;;;;;;;;;;;;;;;;;;;;;;;
Yemen, Rep.;YEM;Government expenditure on education, total (% of GDP);SE.XPD.TOTL.GD.ZS;9,64552021;9,237660408;;;;5,15025568;5,144415855;5,828782558;5,15143013;5,916243076;4,392223358;5,042026997;5,464789867;;;;;;;;;;
South Africa;ZAF;Government expenditure on education, total (% of GDP);SE.XPD.TOTL.GD.ZS;4,908810139;4,636179924;4,54569006;4,352099895;4,508979797;4,524499893;4,526519775;4,446670055;4,374249935;4,761189938;5,134970188;5,288980007;5,523230076;5,350719929;5,489779949;5,482850075;5,444240093;5,598670006;5,644010067;5,927700043;6,1833601;6,562059879;6,183479786
Zambia;ZMB;Government expenditure on education, total (% of GDP);SE.XPD.TOTL.GD.ZS;1,788190007;;;;2,463429928;1,735530019;;1,240759969;1,099720001;;3,415999889;3,35800004;3,694999933;3,717999935;;4,624330044;3,747920036;3,729640007;4,739749908;4,418000221;3,950000048;3,105999947;3,582999945
Zimbabwe;ZWE;Government expenditure on education, total (% of GDP);SE.XPD.TOTL.GD.ZS;;;;;;;;;;;1,544059992;5,078000069;6,07020998;5,995979786;6,13835001;5,813000202;5,47300005;5,818779945;2,050489902;;;;
